,freq,decay,Q,abs_amp,comp_amp,error,names,a,comp_amp_real,comp_amp_imag,error_real,error_imag
4,1.358487827788521,-0.0001204542618275,5639.019355466484,0.0166981800638314,-0.016101605424108916+0.004423518984976204i,2.7552126553420404e-07+0.0i,"[40,0.2,0.6,0.85,True,500,15,15,0.33,1.4]",0.33,-0.016101605424108916,0.004423518984976204,2.7552126553420404e-07,0.0
5,1.3826825848033426,-0.0001004186933625,6884.587612642122,1.5476071828412217,1.4498757214192166-0.5412470644916683i,4.972325749343843e-08+0.0i,"[40,0.2,0.6,0.85,True,500,15,15,0.33,1.4]",0.33,1.4498757214192166,-0.5412470644916683,4.972325749343843e-08,0.0
10,1.3585135402435662,-0.0001386109944916,4900.453767125811,0.017382326290742,-0.01690689059737779+0.004037612859861517i,1.9031918255631998e-06+0.0i,"[40,0.2,0.6,0.85,True,500,15,15,0.33,1.4]",0.33,-0.01690689059737779,0.004037612859861517,1.9031918255631998e-06,0.0
12,1.3826830830218317,-0.0001021202317983,6769.878302627453,1.545442217571485,-1.448436656611747+0.5389089901232427i,7.526483811182485e-08+0.0i,"[40,0.2,0.6,0.85,True,500,15,15,0.33,1.4]",0.33,-1.448436656611747,0.5389089901232427,7.526483811182485e-08,0.0
