,freq,decay,Q,abs_amp,comp_amp,error,names,a,comp_amp_real,comp_amp_imag,error_real,error_imag
5,1.3719206836835294,-0.000114420837742,5995.064844643629,2.252590467687641,-2.2438763407822444-0.1979464129377224i,1.3343969915006552e-06+0.0i,"[40,0.65,0.6,0.85,True,25,15,15,0.33,1.4]",0.33,-2.2438763407822444,-0.1979464129377224,1.3343969915006552e-06,0.0
7,1.2474070659755765,-0.0004971933380805,1254.4486927270837,0.0013221218365657948,-0.0007462751953112895+0.0010913658797979744i,6.508995408132055e-05+0.0i,"[40,0.65,0.6,0.85,True,500,15,15,0.33,1.4]",0.33,-0.0007462751953112895,0.0010913658797979744,6.508995408132055e-05,0.0
8,1.3710123788587942,-9.454087088849303e-05,7250.897765030351,1.2227939267654326,-1.221286639663373-0.06069539615302654i,1.4376395354496197e-07+0.0i,"[40,0.65,0.6,0.85,True,500,15,15,0.33,1.4]",0.33,-1.221286639663373,-0.06069539615302654,1.4376395354496197e-07,0.0
9,1.3732139753865633,-7.411938886851137e-05,9263.527373536906,1.0066936804472109,0.9941629127062641+0.1583422535261777i,1.465757542365498e-07+0.0i,"[40,0.65,0.6,0.85,True,500,15,15,0.33,1.4]",0.33,0.9941629127062641,0.1583422535261777,1.465757542365498e-07,0.0
13,1.3710053579339443,-9.616382490192982e-05,7128.488074034744,1.2939218225207407,-1.293041346633993-0.04772587024188381i,1.5120541071938514e-08+0.0i,"[40,0.65,0.6,0.85,True,500,15,15,0.33,1.4]",0.33,-1.293041346633993,-0.04772587024188381,1.5120541071938514e-08,0.0
14,1.373211607732709,-7.365854742900275e-05,9321.468150429562,0.953088543766816,-0.9418095274322494-0.14619366025034328i,7.000230499631708e-08+0.0i,"[40,0.65,0.6,0.85,True,500,15,15,0.33,1.4]",0.33,-0.9418095274322494,-0.14619366025034328,7.000230499631708e-08,0.0
