,freq,decay,Q,abs_amp,comp_amp,error,names,Seps,comp_amp_real,comp_amp_imag,error_real,error_imag
17,1.340999617324792,-9.606071882791276e-05,6979.958268515122,6.398215649520769,2.694837891324692-5.803017511368819i,6.9577933716777755e-09+0.0i,"[60,0.1,0.6,0.85,True,200,15,15,0.33,1.4,1.4]",0.1,2.694837891324692,-5.803017511368819,6.9577933716777755e-09,0.0
20,1.3409993503145787,-9.76950060416236e-05,6863.192934054567,6.410400983222673,2.699332830368448+5.814365230753679i,2.3457600114146685e-09+0.0i,"[60,0.1,0.6,0.85,True,200,15,15,0.33,1.4,1.4]",0.1,2.699332830368448,5.814365230753679,2.3457600114146685e-09,0.0
27,1.3680998667952877,-9.286169129182422e-05,7366.330764404992,10.264508306500709,-9.912235684093828-2.6660297292414015i,2.324018378056839e-09+0.0i,"[60,0.5,0.6,0.85,True,200,15,15,0.33,1.4,1.4]",0.5,-9.912235684093828,-2.6660297292414015,2.324018378056839e-09,0.0
30,1.3681093347417574,-9.220367313686789e-05,7418.952457083379,10.315078549928051,-9.944843771542956-2.7387821838892292i,2.156781947573915e-09+0.0i,"[60,0.5,0.6,0.85,True,200,15,15,0.33,1.4,1.4]",0.5,-9.944843771542956,-2.7387821838892292,2.156781947573915e-09,0.0
