,freq,decay,Q,abs_amp,comp_amp,error,names,a,comp_amp_real,comp_amp_imag,error_real,error_imag
7,1.3584852321161238,-0.0001196030547538,5679.141034115003,5.866217727371741,-3.6251258436745477-4.612046513474617i,1.8046199752465354e-08+0.0i,"[40,0.2,0.6,0.85,True,500,15,15,0.33,1.4]",0.33,-3.6251258436745477,-4.612046513474617,1.8046199752465354e-08,0.0
8,1.3826819174280014,-0.0001004801600881,6880.372783120411,6.516112269198282,5.624964502788255-3.289299841481233i,1.707075621250214e-08+0.0i,"[40,0.2,0.6,0.85,True,500,15,15,0.33,1.4]",0.33,5.624964502788255,-3.289299841481233,1.707075621250214e-08,0.0
10,1.3584853119376135,-0.0001195766628031,5680.394819904942,5.886824327627509,-3.636330704653931-4.629449175737662i,1.7463356018228513e-08+0.0i,"[40,0.2,0.6,0.85,True,500,15,15,0.33,1.4]",0.33,-3.636330704653931,-4.629449175737662,1.7463356018228513e-08,0.0
11,1.3826831002878792,-0.0001000489049252,6910.036153425695,6.485093994546926,-5.605097021109335+3.261798813854076i,1.8265560443627856e-08+0.0i,"[40,0.2,0.6,0.85,True,500,15,15,0.33,1.4]",0.33,-5.605097021109335,3.261798813854076,1.8265560443627856e-08,0.0
