,freq,decay,Q,abs_amp,comp_amp,error,names,a,comp_amp_real,comp_amp_imag,error_real,error_imag
24,1.374967458924603,-0.0001264006761013,5438.924463593312,1.8518598947445948,1.8203551438965107-0.3401355903944422i,0.0001675543489450085+0.0i,"[50,0.4,0.6,0.85,True,25,1,15,0.33,1.4]",0.33,1.8203551438965107,-0.3401355903944422,0.0001675543489450085,0.0
